id_question,content
1,"L'interface Runnable permet-elle de lancer des threads en Java?"
2,"Les microservices sont-ils généralement indépendants les uns des autres?"
3,"Les threads partagent-ils le même espace mémoire dans un processus?"
4,"Le modèle de conception de l'observateur est-il lié aux sockets?"
5,"Les microservices sont-ils une alternative aux monolithes dans le développement logiciel?"
6,"Les sockets sont-ils uniquement utilisés pour la communication sur Internet?"
7,"L'architecture microservices favorise-t-elle la scalabilité horizontale?"
8,"Les commandes Maven sont-elles utilisées pour la gestion des dépendances?"
9,"Les microservices sont-ils déployés de manière indépendante?"
10,"Les threads peuvent-ils être utilisés pour améliorer les performances d'une application?"
11,"Les microservices favorisent-ils la résilience dans une architecture logicielle?"
12,"Les sockets sont-ils impliqués dans la communication client-serveur?"
13,"L'utilisation de microservices nécessite-t-elle une coordination plus complexe?"
14,"Les plugins Maven peuvent-ils être utilisés pour automatiser des tâches?"
15,"Les microservices peuvent-ils être écrits dans différents langages de programmation?"
16,"Les threads peuvent-ils entraîner des problèmes de concurrence?"
17,"La gestion des erreurs est-elle cruciale dans une architecture microservices?"
18,"La commande 'mvn clean install' compile-t-elle et installe-t-elle un projet Maven?"
19,"Les sockets sont-ils utilisés pour la communication bidirectionnelle?"
20,"La sérialisation est-elle importante dans la communication entre microservices?"
21,"Les microservices peuvent-ils être orchestrés à l'aide de Kubernetes?"
22,"Les sockets sont-ils basés sur le protocole TCP/IP?"
23,"Les microservices sont-ils généralement plus faciles à maintenir qu'un monolithe?"
24,"La commande 'mvn package' génère-t-elle un fichier JAR à partir d'un projet Maven?"
25,"Les threads peuvent-ils être utilisés pour améliorer la réactivité d'une application?"
26,"Les microservices peuvent-ils être déployés dans des conteneurs Docker?"
27,"Les sockets sont-ils utilisés pour la communication en temps réel?"
28,"La migration vers une architecture microservices nécessite-t-elle une planification soignée?"
29,"La commande 'mvn dependency:tree' affiche-t-elle l'arbre des dépendances d'un projet Maven?"
30,"Les threads peuvent-ils être utilisés pour paralléliser l'exécution de tâches?"
31,"Les microservices peuvent-ils être élastiques en termes de mise à l'échelle?"
32,"Les sockets peuvent-ils être utilisés pour la communication interprocessus?"
33,"La résilience des microservices est-elle gérée à l'aide de mécanismes tels que Hystrix?"
34,"La commande 'mvn clean' supprime-t-elle les fichiers générés lors de la compilation?"
35,"Les threads peuvent-ils être utilisés pour implémenter le multithreading en Java?"
36,"Les microservices peuvent-ils être implémentés à l'aide de plusieurs technologies?"
37,"Les sockets peuvent-ils être utilisés pour la communication sur un réseau local?"
38,"Les microservices favorisent-ils la résilience dans une architecture logicielle?"
39,"La commande 'mvn install' installe-t-elle les dépendances dans le dépôt local Maven?"
40,"Les threads peuvent-ils être utilisés pour gérer des opérations d'entrée-sortie de manière efficace?"
41,"Les microservices peuvent-ils être déployés sur des serveurs distincts?"
42,"Les sockets sont-ils utilisés pour la communication entre un serveur et plusieurs clients?"
43,"La communication entre microservices est-elle généralement asynchrone?"